{"cameraMode":{"drawMode":0,"name":"Shaded","section":"Shading Mode"},"sceneLighting":true,"audioPlay":false,"sceneViewState":{"m_AlwaysRefresh":false,"showFog":true,"showSkybox":true,"showFlares":true,"showImageEffects":true,"showParticleSystems":true,"showVisualEffectGraphs":true,"m_FxEnabled":true},"in2DMode":false,"pivot":{"x":-2.560492515563965,"y":3.4115190505981447,"z":0.13573352992534638},"rotation":{"x":0.04680456221103668,"y":-0.2199271023273468,"z":0.010561956092715264,"w":0.9743397235870361},"size":9.968057632446289,"orthographic":true}